code,date,close,stage,success,max_return,max_date
sh.600126,2025-04-10,12.36,🚀 启动期,False,2.750809061488672,2025-04-11
sz.002048,2025-09-05,30.04,🚀 启动期,True,35.15312916111852,2025-09-30
sz.002048,2025-09-10,32.11,🚀 启动期,True,26.44036125817503,2025-09-30
sz.002048,2025-10-10,39.26,🚀 启动期,False,-3.94803871625063,2025-10-29
sh.688193,2025-07-01,41.867196,🚀 启动期,True,44.285714285714285,2025-07-24
sh.688636,2025-04-10,27.1281933,🚀 启动期,True,17.114673242909994,2025-05-12
sh.688636,2025-07-01,33.48,🚀 启动期,True,9.916367980884113,2025-07-28
sh.603163,2025-11-05,49.38,🚀 启动期,True,29.80963953017414,2025-12-03
sz.300977,2025-04-15,15.53,🚀 启动期,True,14.552479072762395,2025-05-16
sz.301328,2025-09-10,48.0000182,🚀 启动期,True,10.687458031005503,2025-09-18
sz.301300,2025-04-25,30.41895568,🚀 启动期,True,50.143907898944676,2025-05-20
sz.300591,2025-08-20,13.13,🚀 启动期,False,-0.6092916984006098,2025-08-21
sz.002316,2025-08-20,6.26,🚀 启动期,True,8.146964856230028,2025-08-27
sz.300546,2025-04-15,16.44356565,🚀 启动期,True,12.021857923497265,2025-04-16
sz.300546,2025-08-15,31.56,🚀 启动期,False,3.54879594423321,2025-08-21
sh.688226,2025-04-15,33.05205335,🚀 启动期,False,0.24074631357207735,2025-04-16
sh.688226,2025-08-20,47.15,🚀 启动期,True,18.048780487804876,2025-09-17
sh.603201,2025-09-15,19.39362194,🚀 启动期,True,9.04419321685509,2025-09-18
sz.301117,2025-10-20,38.35,🚀 启动期,True,16.036505867014338,2025-10-24
sh.603200,2025-09-05,91.3,🚀 启动期,True,21.02957283680176,2025-09-11
sh.600053,2025-11-10,20.4,🚀 启动期,False,1.6666666666666659,2025-11-13
sh.688582,2025-04-15,64.3535962,🚀 启动期,True,7.4092076613427915,2025-05-07
sz.300584,2025-10-10,59.1,🚀 启动期,True,9.103214890016925,2025-10-29
sh.688031,2025-11-05,67.39,🚀 启动期,True,9.06662709600831,2025-11-10
sz.301315,2025-04-15,46.42877208,🚀 启动期,True,9.269542930371635,2025-05-14
sh.688757,2025-08-15,31.79442175,🚀 启动期,True,16.106750392464665,2025-08-20
sh.688025,2025-07-25,86.15,🚀 启动期,True,57.69007544979685,2025-08-19
sh.688025,2025-08-01,100.8,🚀 启动期,True,43.21428571428573,2025-08-26
sh.688025,2025-08-15,124.4,🚀 启动期,True,40.7395498392283,2025-09-11
sh.688025,2025-09-05,140.5,🚀 启动期,True,24.612099644128122,2025-09-11
sh.603758,2025-04-15,10.7,🚀 启动期,True,30.37383177570094,2025-05-08
sh.603758,2025-04-25,11.4,🚀 启动期,True,24.912280701754383,2025-05-19
sh.603758,2025-08-25,15.96,🚀 启动期,False,4.323308270676677,2025-09-17
sz.300037,2025-12-25,53.66,🚀 启动期,True,9.355199403652634,2026-01-26
sz.300976,2025-09-05,63.08,🚀 启动期,True,18.579581483830058,2025-09-29
sz.000716,2025-04-15,6.76777926,🚀 启动期,True,10.997067448680346,2025-04-17
sz.300792,2025-11-20,30.05,🚀 启动期,True,13.477537437603996,2025-11-26
sz.300619,2025-09-01,29.78,🚀 启动期,True,34.318334452652785,2025-09-12
sz.301261,2025-04-15,84.93659174,🚀 启动期,True,19.96262118911342,2025-05-06
sh.603610,2025-11-10,20.07,🚀 启动期,True,9.167912306925759,2025-11-14
sh.603162,2025-12-25,12.78,🚀 启动期,False,1.1737089201877964,2025-12-29
sh.600331,2025-08-25,11.01,🚀 启动期,True,7.44777475022707,2025-09-12
sh.600331,2025-09-10,11.27,🚀 启动期,False,4.968944099378887,2025-09-12
sz.301063,2025-06-10,26.6558696,🚀 启动期,True,34.32835820895524,2025-07-02
sh.688353,2025-12-01,109.5,🚀 启动期,True,18.2648401826484,2025-12-26
sh.688353,2025-12-25,109.79,🚀 启动期,True,17.952454686219138,2025-12-26
sz.301077,2025-12-10,27.75,🚀 启动期,True,11.711711711711711,2026-01-09
sz.300355,2025-04-15,4.34,🚀 启动期,False,3.6866359447004644,2025-05-07
sz.300394,2025-08-20,125.0713324,🚀 启动期,True,79.43709137298677,2025-09-01
sh.688386,2025-08-05,62.25,🚀 启动期,True,15.887550200803213,2025-08-21
sh.688392,2025-09-15,87.1634628,🚀 启动期,True,35.16609392898052,2025-10-21
sz.301061,2025-07-25,93.55565028,🚀 启动期,True,26.716989155857966,2025-08-20
sz.301061,2025-08-15,108.75371892,🚀 启动期,True,9.008597036766048,2025-08-20
sz.301075,2025-07-15,32.6,🚀 启动期,True,31.042944785276067,2025-07-30
sz.301075,2025-08-20,41.38,🚀 启动期,True,28.757854035766066,2025-08-29
sh.603809,2025-04-15,11.64132594,🚀 启动期,True,44.31345781904979,2025-05-12
sz.002705,2025-05-15,14.25149786,🚀 启动期,False,0.33647375504710464,2025-05-16
sz.300155,2025-04-15,4.27,🚀 启动期,True,17.096018735363007,2025-04-17
sh.688621,2025-07-10,50.9,🚀 启动期,True,39.489194499017685,2025-08-07
sz.301263,2025-05-15,23.27274145,🚀 启动期,True,69.55458421079138,2025-06-11
sz.301505,2025-09-25,23.47953104,🚀 启动期,True,7.060825180774128,2025-09-26
sz.301511,2025-08-15,40.75,🚀 启动期,False,1.3496932515337354,2025-08-18
sz.301511,2025-08-25,40.15,🚀 启动期,False,1.444582814445824,2025-08-26
sz.301511,2025-09-15,35.72,🚀 启动期,True,12.933930571108634,2025-09-23
sz.301277,2025-08-01,15.8,🚀 启动期,False,0.3164556962025249,2025-08-04
sz.002659,2025-09-25,6.28,🚀 启动期,True,14.171974522292988,2025-09-29
sz.300790,2025-09-15,34.02533568,🚀 启动期,False,4.812206572769955,2025-09-17
sz.000700,2025-11-10,10.84650796,🚀 启动期,False,3.697024346257883,2025-11-11
sz.300035,2025-11-10,26.03,🚀 启动期,True,10.641567422205146,2025-11-13
sz.000933,2025-10-15,22.44,🚀 启动期,True,25.668449197860955,2025-11-10
sz.300753,2025-08-15,35.93,🚀 启动期,False,4.369607570275537,2025-08-25
sh.688580,2025-06-10,47.414503,🚀 启动期,True,6.507496240127196,2025-07-01
sz.300223,2025-04-15,69.00467636,🚀 启动期,False,4.008103024164372,2025-05-07
sh.605100,2025-11-20,46.98,🚀 启动期,False,0.4257130693912364,2025-12-09
sh.688218,2025-04-15,20.52957448,🚀 启动期,True,8.401738290680834,2025-05-16
sz.002466,2025-12-01,54.62,🚀 启动期,True,7.799340900768959,2025-12-26
sh.688595,2025-04-15,35.82,🚀 启动期,True,22.166387493020654,2025-05-07
sz.300593,2025-09-15,18.37,🚀 启动期,True,22.15568862275449,2025-09-30
sz.301302,2025-04-15,19.9,🚀 启动期,True,47.38693467336684,2025-05-13
sh.603767,2025-07-15,18.52,🚀 启动期,True,77.15982721382291,2025-08-12
sh.603767,2025-11-05,28.01,🚀 启动期,False,-0.4998214923241719,2025-11-06
sh.688032,2025-04-15,101.22798249,🚀 启动期,False,1.991002201588973,2025-05-13
sz.002857,2025-07-25,27.77,🚀 启动期,True,10.51494418437163,2025-07-30
sz.000932,2025-09-15,6.46,🚀 启动期,False,2.786377708978324,2025-10-10
sh.601010,2025-04-15,2.9449763,🚀 启动期,True,16.39344262295082,2025-04-21
sz.300815,2025-05-20,17.39648752,🚀 启动期,True,68.90898812888636,2025-05-30
sh.688185,2025-04-15,55.27,🚀 启动期,True,5.0298534467161105,2025-05-16
sh.605289,2025-04-25,24.29,🚀 启动期,True,23.34293948126802,2025-05-20
sh.605289,2025-10-15,77.19,🚀 启动期,False,0.777302759424807,2025-10-16
sh.605060,2025-08-25,26.82,🚀 启动期,True,8.426547352721842,2025-09-02
sz.300424,2025-04-15,13.9,🚀 启动期,True,23.525179856115116,2025-05-12
sz.300342,2025-04-15,15.23474194,🚀 启动期,True,17.98561151079136,2025-05-12
sz.300395,2025-09-15,85.05,🚀 启动期,True,7.442680776014107,2025-09-18
sh.603373,2025-08-25,60.37086738,🚀 启动期,False,0.5937654626422558,2025-08-26
sz.301070,2025-12-10,62.32,🚀 启动期,True,12.307445442875473,2026-01-08
sz.002714,2025-06-10,41.0640846,🚀 启动期,True,5.265643447461626,2025-06-11
sh.688630,2025-09-25,160.02,🚀 启动期,False,-0.012498437695294481,2025-09-26
sz.300622,2025-04-15,30.74380484,🚀 启动期,True,11.533650237678259,2025-05-08
sz.300150,2025-04-15,4.48,🚀 启动期,True,14.508928571428559,2025-05-12
sz.002927,2025-12-25,20.39,🚀 启动期,True,26.091221186856302,2026-01-12
sz.301528,2025-09-15,65.46,🚀 启动期,False,-0.6874427131072238,2025-09-16
sh.603978,2025-12-25,28.83,🚀 启动期,True,9.989594172736743,2025-12-26
sh.603950,2025-07-01,24.9,🚀 启动期,True,5.903614457831336,2025-07-17
sz.301312,2025-09-01,55.8,🚀 启动期,True,17.383512544802873,2025-09-04
sz.301312,2025-09-05,63.42,🚀 启动期,False,0.1103752759381903,2025-09-08
sz.301306,2025-04-15,35.85,🚀 启动期,True,11.380753138075308,2025-05-09
sh.603011,2025-07-10,17.17,🚀 启动期,False,3.086779266161896,2025-07-14
sh.601606,2025-09-01,70.7,🚀 启动期,True,9.009900990098995,2025-09-03
sh.601606,2025-10-15,51.88,🚀 启动期,True,11.73862760215882,2025-10-29
sz.300756,2025-08-15,32.08,🚀 启动期,True,30.2057356608479,2025-09-11
sz.300756,2025-08-20,32.15,🚀 启动期,True,30.513219284603434,2025-09-15
sz.300756,2025-10-15,58.55,🚀 启动期,False,2.7839453458582453,2025-10-28
sh.688778,2025-08-20,57.165345,🚀 启动期,True,58.31269801660428,2025-09-12
sh.603993,2025-12-05,18.42,🚀 启动期,True,19.598262757871872,2026-01-06
sh.688552,2025-04-15,19.85,🚀 启动期,True,123.87909319899242,2025-05-13
sz.300541,2025-04-15,11.97287828,🚀 启动期,True,19.93327773144287,2025-05-07
sz.300233,2025-09-01,19.64064858,🚀 启动期,True,13.829787234042543,2025-09-09
sh.688221,2025-09-15,15.34,🚀 启动期,True,8.213820078226867,2025-09-18
sh.603992,2025-09-05,30.27476112,🚀 启动期,True,11.974459073783098,2025-09-18
sz.300964,2025-09-15,47.913504,🚀 启动期,False,3.354166666666654,2025-09-17
sz.301529,2025-09-05,91.3289865,🚀 启动期,True,9.103825136612018,2025-09-09
sz.300145,2025-04-15,3.58,🚀 启动期,False,3.3519553072625725,2025-05-07
sh.688631,2025-04-15,78.9034207,🚀 启动期,True,11.286254728877681,2025-05-12
sz.301273,2025-09-05,27.88,🚀 启动期,True,6.348637015781922,2025-09-08
sz.301273,2025-09-10,28.46,🚀 启动期,False,4.181307097680947,2025-09-23
sh.688143,2025-08-15,54.3,🚀 启动期,False,1.1418047882136364,2025-08-25
sz.000880,2025-07-01,26.47040875,🚀 启动期,True,38.73825503355703,2025-07-18
sz.300810,2025-11-25,42.33,🚀 启动期,False,-0.8740845735884656,2025-11-26
sz.002715,2025-06-05,17.71017906,🚀 启动期,True,10.106170772956592,2025-06-13
sh.603366,2025-04-15,9.47296168,🚀 启动期,True,14.180672268907577,2025-05-13
sh.688433,2025-04-15,37.24305189,🚀 启动期,True,15.645732060869527,2025-05-13
sz.300390,2025-12-25,52.8,🚀 启动期,True,13.996212121212123,2025-12-26
sh.688396,2025-12-05,52.82,🚀 启动期,True,13.328284740628549,2025-12-10
sz.002517,2025-09-10,23.73,🚀 启动期,True,28.52928782132322,2025-09-18
sz.002515,2025-09-15,7.78,🚀 启动期,True,8.86889460154242,2025-09-24
sh.600686,2025-12-25,16.68,🚀 启动期,True,33.093525179856115,2026-01-22
sh.603416,2025-11-05,61.32,🚀 启动期,True,8.610567514677093,2025-11-10
sh.688419,2025-04-15,22.3082685,🚀 启动期,True,12.063492063492056,2025-05-16
sz.000882,2025-04-10,2.35,🚀 启动期,True,7.234042553191486,2025-04-18
sh.688627,2025-08-15,92.99,🚀 启动期,True,44.15528551457148,2025-09-12
sh.688627,2025-12-10,195.8,🚀 启动期,True,38.34525025536261,2025-12-24
sh.688141,2025-07-01,32.08,🚀 启动期,False,-0.24937655860348598,2025-07-02
sz.300796,2025-08-20,12.0,🚀 启动期,False,0.24999999999999467,2025-08-21
sh.688021,2025-04-15,11.13,🚀 启动期,True,23.62982929020664,2025-05-16
sh.688035,2025-10-10,57.8022648,🚀 启动期,False,3.6269430051813365,2025-10-13
sh.603990,2025-04-25,13.77,🚀 启动期,True,22.585330428467678,2025-05-19
sz.000510,2025-11-20,7.07,🚀 启动期,True,56.01131541725599,2025-12-05
sz.003031,2025-09-15,58.75,🚀 启动期,True,9.106382978723394,2025-09-26
sz.300580,2025-04-25,26.69856,🚀 启动期,True,9.15178571428571,2025-05-13
sh.688579,2025-04-15,9.36662628,🚀 启动期,True,5.520169851380043,2025-05-07
sh.600730,2025-10-20,8.79,🚀 启动期,True,18.998862343572263,2025-11-05
sh.688222,2025-04-15,14.4468575,🚀 启动期,True,10.344827586206891,2025-05-07
sz.300740,2025-08-25,21.57,🚀 启动期,True,15.345387111729247,2025-08-26
sz.002851,2025-10-20,72.8,🚀 启动期,True,26.098901098901102,2025-11-10
sz.002851,2025-11-10,85.19,🚀 启动期,False,2.148139452987438,2025-11-11
sz.301310,2025-04-25,31.27858164,🚀 启动期,True,38.49543594586089,2025-05-16
sh.603013,2025-09-01,25.52617968,🚀 启动期,True,18.412822517591877,2025-09-18
sh.603013,2025-09-10,25.40643216,🚀 启动期,True,18.970934799685775,2025-09-18
sz.301489,2025-07-25,72.32,🚀 启动期,True,176.5486725663717,2025-08-22
sz.300620,2025-10-20,109.0,🚀 启动期,True,13.990825688073393,2025-10-29
sh.688168,2025-11-05,78.38,🚀 启动期,True,37.15233477928044,2025-11-13
sh.603173,2025-07-01,36.99,🚀 启动期,True,17.301973506353065,2025-07-17
sh.603173,2025-07-10,36.67,🚀 启动期,True,25.71584401418053,2025-08-01
sh.603173,2025-09-10,51.33,🚀 启动期,True,7.6953048899279235,2025-10-10
sz.001223,2025-04-15,34.1048635,🚀 启动期,True,10.607642514094803,2025-05-15
sz.002716,2025-10-15,7.59,🚀 启动期,True,8.959156785243739,2025-10-17
sh.688183,2025-08-01,52.4484265,🚀 启动期,True,53.58160744822346,2025-08-28
sz.300436,2025-10-20,124.1,🚀 启动期,False,0.7252215954875147,2025-10-31
sz.300378,2025-10-10,56.27,🚀 启动期,False,2.150346543451206,2025-10-13
sh.600838,2025-04-15,8.49045264,🚀 启动期,True,13.497652582159603,2025-04-22
sh.600810,2025-07-01,9.25821778,🚀 启动期,False,3.9742212674543387,2025-07-07
sh.688325,2025-04-15,43.504036,🚀 启动期,True,7.002927268633197,2025-04-17
sz.300684,2025-09-10,34.85,🚀 启动期,True,39.11047345767574,2025-09-18
sh.688655,2025-08-20,27.14,🚀 启动期,False,1.031687546057484,2025-08-21
sz.301217,2025-08-20,32.65964036,🚀 启动期,True,15.055079559363534,2025-09-12
sz.301217,2025-08-25,35.5778212,🚀 启动期,True,5.617977528089882,2025-09-12
sz.002163,2025-04-15,8.21,🚀 启动期,True,15.103532277710089,2025-05-06
sh.603048,2025-11-10,21.0,🚀 启动期,True,6.904761904761901,2025-12-08
sz.300041,2025-10-10,12.06,🚀 启动期,True,8.291873963515755,2025-11-07
sz.300733,2025-07-01,17.65874726,🚀 启动期,True,5.783268342671786,2025-07-08
sz.300733,2025-07-10,17.86,🚀 启动期,True,45.46472564389698,2025-08-07
sh.688721,2025-04-15,46.30105395,🚀 启动期,False,2.2265039606080195,2025-04-17
sz.301377,2025-12-10,117.8,🚀 启动期,True,33.19185059422751,2026-01-09
sz.003043,2025-06-25,42.87,🚀 启动期,True,5.50501516211803,2025-07-04
sh.688522,2025-04-15,49.83506386,🚀 启动期,True,7.9673866399656745,2025-05-12
sz.301160,2025-04-25,73.01754732,🚀 启动期,False,3.056685908961846,2025-05-06
sz.300518,2025-12-15,17.7,🚀 启动期,True,18.418079096045208,2026-01-09
sz.001696,2025-04-25,20.65486485,🚀 启动期,True,22.206235011990408,2025-05-08
sh.688052,2025-04-10,156.21,🚀 启动期,True,36.99507073810895,2025-04-17
sz.002837,2025-09-15,74.47,🚀 启动期,True,20.84060695582113,2025-09-23
sh.601138,2025-08-20,47.64989661,🚀 启动期,True,31.70528073471092,2025-09-12
sz.001319,2025-04-25,24.26315584,🚀 启动期,True,24.02597402597403,2025-05-19
sz.301389,2025-08-25,53.1648264,🚀 启动期,True,52.77153558052433,2025-08-29
sz.301389,2025-09-15,65.709336,🚀 启动期,True,21.293006461060582,2025-09-19
sz.002943,2025-05-20,28.11,🚀 启动期,False,0.035574528637501115,2025-05-21
sh.603883,2025-06-10,21.37817764,🚀 启动期,True,6.146025878003698,2025-06-16
sh.688668,2025-08-15,109.8273,🚀 启动期,True,32.19846067416754,2025-08-29
sh.688668,2025-09-01,129.85,🚀 启动期,False,1.1628802464382129,2025-09-02
sz.300322,2025-04-15,11.58,🚀 启动期,True,42.573402417962015,2025-05-09
sz.300450,2025-08-25,29.23,🚀 启动期,True,106.97913102976393,2025-09-11
sh.688326,2025-10-10,132.49,🚀 启动期,False,-1.4642614536946166,2025-10-15
sz.300308,2025-08-01,210.41389362,🚀 启动期,True,74.5715235246641,2025-08-29
sz.300308,2025-08-15,237.8057607,🚀 启动期,True,88.19575719386683,2025-09-04
sz.300308,2025-08-20,267.51524746,🚀 启动期,True,67.29526868068261,2025-09-04
sz.300308,2025-11-25,479.66,🚀 启动期,True,31.132468832089394,2025-12-23
sh.605016,2025-07-15,21.97222752,🚀 启动期,True,5.797101449275361,2025-07-22
sz.300687,2025-10-10,28.21,🚀 启动期,False,2.764976958525337,2025-10-13
sh.603881,2025-11-20,34.73,🚀 启动期,True,11.143103944716398,2025-11-26
sz.300678,2025-04-15,29.28632763,🚀 启动期,True,10.262529832935563,2025-05-07
sz.301200,2025-12-10,114.01,🚀 启动期,True,21.93667222173494,2026-01-07
sz.301200,2025-12-25,121.36,🚀 启动期,True,51.52439024390243,2026-01-22
sz.300042,2025-04-15,24.61,🚀 启动期,True,8.898821617228775,2025-05-07
sz.300724,2025-10-10,102.37,🚀 启动期,False,1.2015238839503661,2025-10-14
sz.300283,2025-09-10,7.76,🚀 启动期,False,2.1907216494845354,2025-09-11
sh.688520,2025-08-15,73.2,🚀 启动期,True,7.704918032786885,2025-08-19
sz.301413,2025-04-25,90.5512167,🚀 启动期,True,8.283828382838285,2025-05-07
sh.603062,2025-08-20,54.97507368,🚀 启动期,False,4.020822114521634,2025-08-21
sh.603062,2025-10-10,54.61,🚀 启动期,False,4.50466947445523,2025-10-15
sz.300731,2025-12-10,49.06,🚀 启动期,True,27.59885854056257,2025-12-26
sz.300679,2025-09-25,59.2,🚀 启动期,False,3.851351351351341,2025-10-10
sh.688125,2025-09-05,45.25,🚀 启动期,True,22.828729281767952,2025-10-13
sz.000831,2025-09-15,56.54,🚀 启动期,True,16.731517509727627,2025-10-14
sz.000831,2025-10-15,59.45,🚀 启动期,False,-0.1850294365012606,2025-10-16
sz.002940,2025-08-01,62.756408,🚀 启动期,False,2.9402415766052052,2025-08-04
sz.300889,2025-05-20,12.2927409,🚀 启动期,False,3.963795413600552,2025-06-16
sz.300876,2025-07-25,28.0,🚀 启动期,True,12.67857142857143,2025-08-20
sz.002773,2025-06-10,32.3,🚀 启动期,False,-0.030959752321975266,2025-06-11
sh.688680,2025-07-01,43.38,🚀 启动期,True,15.998155832180721,2025-07-10
sz.002997,2025-04-25,37.87313488,🚀 启动期,True,13.034410844629823,2025-05-08
sh.688333,2025-04-25,64.2815684,🚀 启动期,True,13.959627329192543,2025-05-12
sz.301003,2025-12-10,39.49,🚀 启动期,True,17.346163585717907,2026-01-09
sz.002549,2025-10-15,27.06,🚀 启动期,False,3.288987435328901,2025-10-16
sz.002549,2025-11-20,22.58,🚀 启动期,True,12.488928255093004,2025-11-25
sz.002549,2025-11-25,24.22,🚀 启动期,False,-1.032204789430223,2025-11-26
sh.600619,2025-09-25,26.27,🚀 启动期,False,1.4465169394746822,2025-09-26
sz.301007,2025-04-25,19.1956835,🚀 启动期,True,54.40414507772019,2025-05-26
sz.301013,2025-05-20,20.2416984,🚀 启动期,False,-0.2463054187192092,2025-05-28
sz.300443,2025-12-05,28.97,🚀 启动期,False,2.6234035208836786,2026-01-06
sz.300866,2025-08-20,144.98317218,🚀 启动期,False,2.236860161932218,2025-08-22
sz.000612,2025-10-15,9.45,🚀 启动期,True,23.280423280423292,2025-11-12
sz.301205,2025-08-20,109.87,🚀 启动期,True,16.474014744698273,2025-09-02
sh.688135,2025-04-15,16.97,🚀 启动期,True,20.80141426045964,2025-05-16
sz.300127,2025-08-20,31.68,🚀 启动期,True,14.583333333333325,2025-08-28
sh.688109,2025-09-15,44.3091765,🚀 启动期,True,227.2459825562319,2025-10-21
sh.688109,2025-11-20,141.8,🚀 启动期,True,33.28631875881522,2025-12-11
sz.300655,2025-10-15,15.8184441,🚀 启动期,True,23.653122117111366,2025-10-28
sz.300047,2025-04-15,12.15010176,🚀 启动期,True,52.179795406092126,2025-05-07
sz.000558,2025-06-10,4.44,🚀 启动期,True,12.387387387387383,2025-06-13
sz.000558,2025-09-15,7.07,🚀 启动期,True,5.799151343705801,2025-09-17
sh.688257,2025-12-05,28.33,🚀 启动期,True,33.00388280974233,2026-01-06
sh.688531,2025-10-15,69.4,🚀 启动期,True,8.789625360230538,2025-10-29
sh.688525,2025-12-10,113.24,🚀 启动期,True,21.865065347933598,2026-01-07
sz.300537,2025-08-20,27.5,🚀 启动期,True,13.636363636363635,2025-08-22
sz.300537,2025-10-15,27.16,🚀 启动期,True,5.596465390279821,2025-10-20
sh.688519,2025-10-15,83.0,🚀 启动期,False,-0.6024096385542169,2025-10-16
sz.300245,2025-04-15,16.31,🚀 启动期,True,21.213979153893323,2025-05-14
sz.301628,2025-11-05,91.67,🚀 启动期,True,5.279808006981568,2025-11-06
sz.300250,2025-11-20,32.1,🚀 启动期,True,7.476635514018687,2025-12-05
sz.300250,2025-11-25,30.05,🚀 启动期,True,14.808652246256237,2025-12-05
sh.600778,2025-04-15,6.73,🚀 启动期,True,13.670133729569093,2025-04-22
sz.301358,2025-12-25,66.6,🚀 启动期,True,11.066066066066075,2025-12-26
sz.300046,2025-04-15,30.79118889,🚀 启动期,True,5.5393586005830855,2025-05-07
sh.603067,2025-12-25,31.14,🚀 启动期,True,32.59473346178548,2026-01-16
sh.603926,2025-07-25,12.17,🚀 启动期,True,21.199671322925226,2025-08-21
sz.300913,2025-04-15,36.19149495,🚀 启动期,True,23.592924419940285,2025-05-14
sz.002602,2025-06-05,9.55,🚀 启动期,True,21.151832460732976,2025-07-03
sz.002602,2025-06-20,10.61,🚀 启动期,True,29.40622054665411,2025-07-10
sh.688652,2025-12-01,91.31,🚀 启动期,True,22.549556456028917,2025-12-22
sz.300873,2025-04-15,20.09672541,🚀 启动期,True,9.104258443465481,2025-05-14
sz.300456,2025-04-15,15.68,🚀 启动期,True,8.92857142857142,2025-05-13
sh.688478,2025-04-15,27.87681824,🚀 启动期,True,12.58890469416786,2025-05-07
sh.688336,2025-04-25,30.02185536,🚀 启动期,True,106.11702127659575,2025-05-28
sh.688322,2025-04-25,61.86,🚀 启动期,False,0.7112835434852858,2025-05-07
sh.688322,2025-09-10,84.67,🚀 启动期,True,16.334002598322897,2025-09-17
sh.603477,2025-06-05,21.51015888,🚀 启动期,True,8.809963099630997,2025-06-11
sh.600801,2025-11-10,24.19471782,🚀 启动期,False,-0.3663003663003667,2025-11-11
sh.600183,2025-09-15,53.3780352,🚀 启动期,True,17.25796906065213,2025-10-16
sz.300865,2025-04-15,21.31,🚀 启动期,True,11.403097137494134,2025-05-13
sz.300695,2025-08-20,109.47,🚀 启动期,True,7.518041472549561,2025-08-25
sz.300695,2025-10-15,115.49,🚀 启动期,False,2.294570958524553,2025-10-17
sz.300681,2025-10-15,31.22,🚀 启动期,False,4.516335682254977,2025-11-11
sz.002947,2025-11-05,51.05,🚀 启动期,False,-0.058765915768842374,2025-11-06
sh.603893,2025-09-25,227.35,🚀 启动期,False,-0.5893996041345957,2025-10-09
sz.300905,2025-10-10,39.60767215,🚀 启动期,False,-2.2333751568381444,2025-10-14
sz.002600,2025-04-25,7.6711173,🚀 启动期,True,14.044411757332936,2025-05-13
sz.300911,2025-07-01,40.98,🚀 启动期,True,36.090775988286985,2025-07-25
sz.300078,2025-04-15,3.2,🚀 启动期,True,19.99999999999999,2025-05-13
sz.002402,2025-10-20,51.26,🚀 启动期,True,16.016387046429966,2025-10-31
sz.300252,2025-04-15,9.57,🚀 启动期,True,14.524555903866254,2025-05-12
sz.301165,2025-08-15,68.21,🚀 启动期,True,56.575282216683775,2025-09-01
sz.301165,2025-08-20,83.56,🚀 启动期,True,27.812350406893245,2025-09-01
sz.300290,2025-04-15,16.5,🚀 启动期,True,7.878787878787883,2025-05-12
sh.688679,2025-12-15,28.59,🚀 启动期,True,43.40678558936691,2026-01-14
sz.300131,2025-09-15,10.89,🚀 启动期,True,14.141414141414133,2025-09-19
sz.300131,2025-09-25,12.04,🚀 启动期,False,0.830564784053168,2025-09-26
sh.603662,2025-04-25,63.85712685,🚀 启动期,True,11.492281303602061,2025-05-13
sz.300680,2025-04-25,40.42342944,🚀 启动期,True,19.95570866141733,2025-05-13
sz.001268,2025-08-20,35.88,🚀 启动期,True,8.361204013377927,2025-09-15
sz.001268,2025-09-05,35.5,🚀 启动期,True,9.521126760563387,2025-09-15
sz.001268,2025-09-15,38.34,🚀 启动期,False,-0.9911319770474766,2025-09-16
sz.300333,2025-04-15,11.22,🚀 启动期,True,10.87344028520498,2025-05-14
sz.300469,2025-04-15,31.92,🚀 启动期,True,7.268170426065164,2025-04-30
sz.300469,2025-09-05,68.51,🚀 启动期,True,35.016785870675804,2025-09-18
sz.300469,2025-09-10,68.87,🚀 启动期,True,34.311020763757796,2025-09-18
sh.600814,2025-04-15,8.1083032,🚀 启动期,True,10.00000000000001,2025-04-17
sz.002208,2025-12-05,11.64,🚀 启动期,True,16.83848797250858,2026-01-05
sh.605008,2025-04-25,16.65,🚀 启动期,True,7.44744744744746,2025-05-06
sz.300855,2025-09-25,28.91,🚀 启动期,False,4.808024904877207,2025-10-09
sz.300841,2025-06-10,60.66,🚀 启动期,True,10.369271348499847,2025-06-26
sz.300672,2025-04-15,65.08262574,🚀 启动期,True,10.621365166819727,2025-05-07
sh.603109,2025-05-20,28.74677228,🚀 启动期,False,4.711141678129309,2025-05-21
sz.301550,2025-04-15,43.29766296,🚀 启动期,True,58.57392825896765,2025-05-16
sh.603082,2025-04-25,37.78068432,🚀 启动期,True,7.77661795407098,2025-05-20
sh.600206,2025-10-15,23.34,🚀 启动期,False,1.371036846615254,2025-10-17
sz.002181,2025-09-10,9.58,🚀 启动期,True,10.02087682672233,2025-09-11
sz.301356,2025-12-25,21.6,🚀 启动期,True,24.768518518518505,2026-01-23
sh.688072,2025-12-05,304.02,🚀 启动期,True,24.659561870929554,2026-01-06
sh.688072,2025-12-10,314.51,🚀 启动期,True,25.274236113319137,2026-01-07
sh.688072,2025-12-25,351.1,🚀 启动期,True,12.218741099401873,2026-01-07
sz.301197,2025-04-15,14.02748267,🚀 启动期,True,15.968772178850251,2025-05-09
sh.688258,2025-04-15,37.48031694,🚀 启动期,True,37.612971823498135,2025-05-09
sz.301168,2025-07-15,38.64,🚀 启动期,True,10.455486542443062,2025-07-29
sz.300276,2025-04-15,12.0,🚀 启动期,True,11.500000000000005,2025-05-13
sh.688502,2025-09-01,452.86180383,🚀 启动期,True,8.220652714613816,2025-09-24
sz.301626,2025-08-01,145.0,🚀 启动期,True,24.572413793103447,2025-08-20
sh.688270,2025-04-15,43.28,🚀 启动期,True,18.853974121996295,2025-05-12
sz.301141,2025-05-15,39.9780702,🚀 启动期,True,76.97877652933832,2025-06-12
sz.301141,2025-08-20,73.08,🚀 启动期,True,12.06896551724139,2025-08-25
sh.603256,2025-08-01,25.89,🚀 启动期,True,83.85477018153728,2025-08-29
sh.603256,2025-08-20,36.8,🚀 启动期,True,29.347826086956534,2025-08-29
sh.603256,2025-09-15,40.12,🚀 启动期,False,4.685942173479568,2025-09-23
sz.300539,2025-09-25,48.33,🚀 启动期,True,25.594868611628396,2025-10-10
sz.300505,2025-05-20,18.7753573,🚀 启动期,False,4.659685863874357,2025-05-21
sz.301357,2025-08-01,95.65,🚀 启动期,True,96.54992158912702,2025-08-19
sz.301357,2025-10-15,145.32,🚀 启动期,True,19.73575557390587,2025-10-29
sz.301357,2025-11-25,170.05,🚀 启动期,False,-0.6174654513378485,2025-11-26
sh.603040,2025-11-10,78.67334068,🚀 启动期,True,6.376568322432146,2025-12-05
sh.688073,2025-09-01,67.87,🚀 启动期,True,19.345808162663907,2025-09-25
sh.688073,2025-09-15,70.18,🚀 启动期,True,15.417497862638918,2025-09-25
sh.600549,2025-09-10,30.5576895,🚀 启动期,True,12.606681208669254,2025-10-14
sz.000973,2025-12-25,12.93,🚀 启动期,True,24.593967517401392,2026-01-06
sz.300075,2025-04-15,15.69,🚀 启动期,True,11.344805608667938,2025-04-23
sz.301419,2025-04-25,24.58160379,🚀 启动期,True,11.778445111778444,2025-05-13
sz.301419,2025-09-15,34.7,🚀 启动期,True,13.775216138328512,2025-09-17
sh.603083,2025-12-10,117.9,🚀 启动期,True,22.73112807463951,2025-12-30
sz.300920,2025-07-15,47.12,🚀 启动期,True,26.01867572156198,2025-08-12
sh.603901,2025-12-05,13.87,🚀 启动期,True,5.984138428262438,2026-01-06
sh.603915,2025-04-15,14.89005333,🚀 启动期,True,16.787838730998008,2025-05-08
sh.688661,2025-04-15,31.27611897,🚀 启动期,True,14.141910139945999,2025-05-08
sz.300897,2025-09-05,30.72,🚀 启动期,False,4.101562500000005,2025-10-09
sz.301237,2025-09-10,42.32,🚀 启动期,True,26.93761814744801,2025-09-25
sz.301237,2025-09-15,43.04,🚀 启动期,True,24.814126394052042,2025-09-25
sh.603685,2025-09-01,19.37,🚀 启动期,False,-0.6195147134744501,2025-09-02
sh.603444,2025-08-05,360.969616,🚀 启动期,True,29.586933045356385,2025-08-26
sh.603444,2025-08-15,400.53594,🚀 启动期,True,31.94160583941606,2025-09-12
sh.603322,2025-12-05,49.25,🚀 启动期,True,12.304568527918788,2025-12-12
sz.002553,2025-04-25,20.15484525,🚀 启动期,True,35.25925925925925,2025-05-12
sh.600824,2025-04-15,4.4787735,🚀 启动期,True,5.555555555555559,2025-04-22
sz.000408,2025-09-05,55.56,🚀 启动期,True,13.030957523398119,2025-10-10
sz.300467,2025-12-05,28.41,🚀 启动期,True,8.658922914466741,2026-01-05
sh.603308,2025-12-15,44.05,🚀 启动期,True,6.90124858115779,2026-01-14
sh.600173,2025-04-10,6.86,🚀 启动期,True,6.413994169096203,2025-04-28
sh.688307,2025-12-10,42.27,🚀 启动期,True,18.23988644428671,2025-12-15
sh.600629,2025-09-25,21.55,🚀 启动期,True,89.93039443155452,2025-10-21
sh.600629,2025-10-10,29.74,🚀 启动期,True,37.62609280430397,2025-10-21
sh.600629,2025-10-15,33.85,🚀 启动期,True,20.915805022156565,2025-10-21
sh.600629,2025-10-20,37.21,🚀 启动期,True,9.997312550389676,2025-10-21
sh.688313,2025-08-20,62.79,🚀 启动期,True,41.7263895524765,2025-09-02
sz.000811,2025-08-20,14.2,🚀 启动期,False,4.577464788732398,2025-08-22
sz.301209,2025-07-01,108.18,🚀 启动期,False,0.647069698650387,2025-07-02
sz.300895,2025-08-25,54.79,🚀 启动期,False,2.4822047818945054,2025-08-27
sh.603903,2025-11-20,16.34,🚀 启动期,True,8.567931456548338,2025-12-01
sh.603903,2025-12-01,17.27,🚀 启动期,False,-0.17371163867979814,2025-12-02
sz.001306,2025-09-25,108.9,🚀 启动期,False,-1.0468319559228656,2025-10-09
sz.301382,2025-04-15,27.44056032,🚀 启动期,True,24.915919282511215,2025-05-09
sz.301382,2025-11-05,36.63,🚀 启动期,True,11.930111930111922,2025-12-01
sz.002155,2025-10-15,23.72,🚀 启动期,False,1.8549747048903935,2025-10-16
sz.300711,2025-04-15,20.76276384,🚀 启动期,True,13.085004775549185,2025-05-12
sh.688059,2025-05-15,49.1580936,🚀 启动期,True,11.349342481417954,2025-05-23
sh.688071,2025-04-15,32.34,🚀 启动期,True,29.251700680272087,2025-05-16
sh.688071,2025-04-25,34.45,🚀 启动期,True,21.335268505079807,2025-05-16
sh.688717,2025-05-15,53.5497369,🚀 启动期,True,7.734806629834251,2025-05-19
sh.688717,2025-05-20,55.9165761,🚀 启动期,False,3.1569664902998213,2025-06-18
sh.688065,2025-04-15,50.68496924,🚀 启动期,True,8.980630013695952,2025-04-21
sz.000568,2025-10-15,133.14631486,🚀 启动期,True,6.819194770465022,2025-11-12
sh.601319,2025-10-20,8.47959075,🚀 启动期,True,5.49707602339181,2025-11-13
sz.300249,2025-09-15,16.92,🚀 启动期,True,6.264775413711576,2025-09-23
sh.603527,2025-08-15,11.9,🚀 启动期,False,0.5882352941176494,2025-08-18
sh.600990,2025-04-15,19.0,🚀 启动期,True,29.36842105263157,2025-05-12
sz.301181,2025-10-10,32.73,🚀 启动期,True,64.86403910785215,2025-10-28
sz.002197,2025-08-25,8.47,🚀 启动期,True,14.285714285714274,2025-09-11
sh.601126,2025-12-15,29.9,🚀 启动期,True,23.37792642140469,2026-01-14
sz.002801,2025-04-25,31.10055244,🚀 启动期,True,22.19759341355288,2025-05-20
sz.301368,2025-04-15,66.4914474,🚀 启动期,True,11.867207450803678,2025-05-13
sz.301368,2025-04-25,68.41917,🚀 启动期,True,8.715328467153304,2025-05-13
sz.301234,2025-09-10,45.65,🚀 启动期,True,14.611171960569555,2025-09-19
sh.603123,2025-08-15,14.26,🚀 启动期,True,14.095371669004205,2025-08-22
sz.300658,2025-11-05,8.95,🚀 启动期,True,36.871508379888276,2025-12-02
sh.605208,2025-04-25,12.03283647,🚀 启动期,True,28.583264291632148,2025-05-16
sh.605208,2025-05-15,14.7544308,🚀 启动期,False,4.864864864864865,2025-05-16
sh.605208,2025-07-01,13.3587414,🚀 启动期,False,4.351147930747428,2025-07-23
sh.600628,2025-04-15,7.64848938,🚀 启动期,True,9.102730819245771,2025-04-22
sz.300328,2025-05-20,11.87,🚀 启动期,False,-0.08424599831507824,2025-05-21
sz.300300,2025-12-25,16.99,🚀 启动期,True,5.3560918187168935,2025-12-26
sz.300499,2025-06-05,18.02,🚀 启动期,False,0.9433962264151039,2025-06-06
sz.000425,2025-10-15,11.69,🚀 启动期,False,2.2241231822070127,2025-10-16
sz.301026,2025-10-10,30.38,🚀 启动期,False,4.674127715602375,2025-10-14
sh.603319,2025-04-25,24.72157468,🚀 启动期,True,15.572125035847437,2025-05-12
sh.600610,2025-06-20,15.77,🚀 启动期,True,20.228281547241604,2025-06-24
sz.300476,2025-08-15,230.7,🚀 启动期,True,52.79150411790204,2025-09-12
sz.300476,2025-12-10,303.2,🚀 启动期,True,6.200527704485492,2026-01-06
sz.300648,2025-12-25,57.58,🚀 启动期,True,12.869051754081273,2026-01-13
sz.301230,2025-07-15,39.31197312,🚀 启动期,True,12.006079027355627,2025-08-06
sz.300660,2025-04-15,34.90875528,🚀 启动期,True,30.574152972205315,2025-05-13
sz.002971,2025-09-05,30.5,🚀 启动期,True,27.540983606557372,2025-10-09
sz.300674,2025-04-15,22.27571592,🚀 启动期,True,14.571301643713907,2025-05-07
sz.300927,2025-06-10,34.04362275,🚀 启动期,True,7.7598828696925315,2025-06-13
sz.300927,2025-07-15,29.65,🚀 启动期,False,0.7419898819561633,2025-07-16
sz.002187,2025-04-15,7.8531135,🚀 启动期,False,2.78481012658228,2025-04-21
sz.000960,2025-09-10,21.41860082,🚀 启动期,True,22.496506753609676,2025-10-14
sh.605378,2025-10-10,28.06,🚀 启动期,False,0.7840342124020044,2025-10-14
sh.603286,2025-11-10,42.94,🚀 启动期,True,44.224499301350725,2025-12-04
sz.301191,2025-04-15,91.14199332,🚀 启动期,True,5.137654454801657,2025-04-16
sz.300502,2025-08-20,255.14,🚀 启动期,True,57.207807478247254,2025-09-02
sz.300502,2025-09-15,350.3,🚀 启动期,True,13.788181558664006,2025-09-29
sz.300503,2025-04-25,22.81943443,🚀 启动期,True,9.619588981198072,2025-05-13
sh.688288,2025-04-15,34.2,🚀 启动期,True,18.245614035087705,2025-04-22
sz.002353,2025-09-25,54.0,🚀 启动期,True,7.4074074074074066,2025-09-29
sz.301345,2025-08-20,177.773671,🚀 启动期,True,24.51396648044693,2025-09-17
sz.301345,2025-08-25,190.5852931,🚀 启动期,True,34.439812402292866,2025-09-18
sz.000949,2025-12-25,5.41,🚀 启动期,True,45.65619223659888,2026-01-21
sz.301392,2025-04-10,96.0711912,🚀 启动期,True,49.49117341640707,2025-05-07
sh.688129,2025-06-25,28.61,🚀 启动期,False,3.9496679482698327,2025-06-26
sh.603668,2025-04-15,12.48,🚀 启动期,True,13.381410256410255,2025-05-12
sz.301219,2025-09-10,70.184332,🚀 启动期,True,15.168539325842698,2025-10-09
sz.301219,2025-10-10,74.91586,🚀 启动期,False,3.657894736842114,2025-10-13
sz.301557,2025-11-20,119.53,🚀 启动期,True,32.91223960512006,2025-12-15
sz.301557,2025-11-25,119.79,🚀 启动期,True,32.623758243592945,2025-12-15
sz.300649,2025-04-15,10.6943013,🚀 启动期,True,13.03538175046555,2025-05-09
sz.301225,2025-06-05,84.66246604,🚀 启动期,True,7.647127922001642,2025-06-13
sz.300885,2025-09-10,24.5,🚀 启动期,True,20.979591836734695,2025-09-18
sh.688698,2025-04-25,48.62533582,🚀 启动期,True,8.26868109432422,2025-05-07
sh.688698,2025-12-05,88.25,🚀 启动期,True,17.3371104815864,2025-12-30
sh.603683,2025-04-25,11.47923315,🚀 启动期,True,36.36363636363635,2025-05-28
sh.603683,2025-07-01,15.49,🚀 启动期,True,34.92575855390573,2025-07-24
sh.603683,2025-08-20,26.34,🚀 启动期,True,18.640850417615795,2025-09-17
sh.603683,2025-09-25,35.16,🚀 启动期,False,0.654152445961331,2025-09-26
sh.605580,2025-09-05,22.64,🚀 启动期,True,30.830388692579508,2025-09-18
sh.605580,2025-09-15,27.15,🚀 启动期,True,21.657458563535922,2025-10-21
sh.603456,2025-10-10,19.85,🚀 启动期,False,4.785894206549115,2025-10-15
sz.002225,2025-04-25,5.28722142,🚀 启动期,True,5.628517823639783,2025-05-13
sz.000426,2025-09-10,23.24,🚀 启动期,True,71.6437177280551,2025-10-14
sz.000426,2025-09-25,27.14,🚀 启动期,True,46.97862932940309,2025-10-14
sh.688498,2025-08-01,222.828513,🚀 启动期,True,43.56053811659194,2025-08-28
sh.688498,2025-08-15,265.68553059,🚀 启动期,True,58.86268757756967,2025-09-03
sh.688498,2025-09-05,373.06289385,🚀 启动期,True,17.942579456029698,2025-09-30
sh.688498,2025-09-15,364.8192381,🚀 启动期,True,36.171546924789205,2025-10-21
sh.688498,2025-11-05,529.49,🚀 启动期,True,19.622655763092784,2025-11-11
sz.300475,2025-11-05,148.3,🚀 启动期,True,37.943358057990544,2025-11-11
sz.300475,2025-12-10,142.98,🚀 启动期,True,35.68331235137783,2026-01-07
sh.601519,2025-09-25,15.68,🚀 启动期,True,8.290816326530617,2025-09-29
sz.301596,2025-04-15,82.43143614,🚀 启动期,True,19.54319079512278,2025-05-16
sz.301596,2025-09-15,90.83506533,🚀 启动期,True,7.311191494026087,2025-09-18
sz.300850,2025-04-25,30.49006422,🚀 启动期,False,4.6108567691301445,2025-05-21
sz.300850,2025-07-10,36.88,🚀 启动期,True,6.724511930585675,2025-07-23
sz.002741,2025-08-20,21.57,🚀 启动期,True,15.90171534538711,2025-09-12
sh.688671,2025-04-15,17.35,🚀 启动期,True,18.32853025936599,2025-05-13
sh.603124,2025-08-20,74.8,🚀 启动期,True,29.451871657754015,2025-09-01
sh.603124,2025-08-25,83.71,🚀 启动期,True,15.732887349181702,2025-09-18
sh.603124,2025-09-01,93.61,🚀 启动期,False,3.493216536694793,2025-09-18
sh.688665,2025-07-01,44.4,🚀 启动期,True,29.572072072072082,2025-07-29
sz.301227,2025-08-20,35.4,🚀 启动期,True,5.451977401129943,2025-09-11
sz.300677,2025-09-10,36.8893922,🚀 启动期,True,24.669985752706435,2025-10-16
sh.603093,2025-08-15,25.58,🚀 启动期,True,6.137607505863958,2025-08-19
sz.301421,2025-04-15,47.40348,🚀 启动期,True,27.49473684210526,2025-05-16
sh.688711,2025-10-15,28.4,🚀 启动期,True,7.746478873239447,2025-10-16
sz.300065,2025-08-15,20.73,🚀 启动期,True,17.800289435600586,2025-08-18
sz.002812,2025-11-05,47.79,🚀 启动期,True,38.85750156936598,2025-11-20
sz.002812,2025-12-25,51.98,🚀 启动期,True,12.697191227395155,2025-12-30
sz.301150,2025-10-10,42.32,🚀 启动期,True,10.964083175803403,2025-10-31
sz.301150,2025-12-10,42.95,🚀 启动期,True,6.868451688009303,2026-01-06
sz.301622,2025-05-15,72.74342481,🚀 启动期,True,41.428589963579974,2025-06-13
sh.688506,2025-06-05,299.82,🚀 启动期,True,14.065105730104735,2025-06-10
sz.000962,2025-09-25,25.03525728,🚀 启动期,True,42.74322169059011,2025-10-29
sz.000962,2025-10-10,25.06520376,🚀 启动期,True,42.572680207088816,2025-10-29
sz.000962,2025-10-15,27.09158224,🚀 启动期,True,31.908621960206336,2025-10-29
sh.603737,2025-04-10,37.03280126,🚀 启动期,False,1.306570725241431,2025-04-11
sz.301391,2025-09-15,55.33,🚀 启动期,True,63.7267305259353,2025-10-16
sz.002634,2025-10-15,5.04,🚀 启动期,True,18.253968253968253,2025-11-12
sh.688658,2025-06-10,15.43,🚀 启动期,True,71.48412184057032,2025-07-07
sh.688658,2025-09-05,30.54,🚀 启动期,False,2.7177472167649044,2025-09-08
sh.603119,2025-09-15,104.15,🚀 启动期,True,13.125300048007668,2025-09-18
sh.603119,2025-12-05,96.55,🚀 启动期,True,22.73433454168825,2025-12-31
sh.600438,2025-09-05,24.39,🚀 启动期,False,0.08200082000819833,2025-09-08
sz.002768,2025-09-01,48.8,🚀 启动期,True,9.631147540983614,2025-09-19
sz.301018,2025-09-15,69.51,🚀 启动期,True,20.270464681340798,2025-09-23
sz.300474,2025-04-15,74.25177424,🚀 启动期,False,2.327771797631854,2025-04-16
sh.688328,2025-04-15,14.74,🚀 启动期,True,32.021709633649934,2025-05-14
sh.688328,2025-07-01,23.0,🚀 启动期,True,8.347826086956529,2025-07-29
sh.688499,2025-08-15,59.31,🚀 启动期,True,34.68217838475804,2025-09-08
sh.688499,2025-09-01,61.7,🚀 启动期,True,29.46515397082657,2025-09-08
sh.600113,2025-08-25,54.51,🚀 启动期,True,15.46505228398459,2025-08-27
sh.600113,2025-09-05,60.29,🚀 启动期,False,3.4499917067507018,2025-09-09
sh.600113,2025-10-10,57.17,🚀 启动期,False,3.008570928808814,2025-10-14
sz.301057,2025-09-01,24.84,🚀 启动期,True,16.74718196457327,2025-09-16
sz.301057,2025-11-10,25.51,🚀 启动期,True,30.61544492355938,2025-11-14
sz.002294,2025-06-05,46.58,🚀 启动期,True,18.097896092743667,2025-06-16
sz.001206,2025-11-20,33.66,🚀 启动期,False,0.683303624480107,2025-11-21
sh.605296,2025-06-05,29.28073758,🚀 启动期,True,17.262306136210373,2025-06-11
sz.301282,2025-09-10,26.99519312,🚀 启动期,True,12.886597938144329,2025-09-16
sz.300611,2025-04-15,26.572564,🚀 启动期,True,11.577369801423755,2025-05-06
sh.688159,2025-04-15,33.89781924,🚀 启动期,True,87.86808009422852,2025-05-16
sh.688159,2025-04-25,39.99663183,🚀 启动期,True,74.56950336910407,2025-05-22
sh.605255,2025-06-05,21.629415,🚀 启动期,True,5.366972477064215,2025-06-06
sz.301255,2025-04-15,27.13264829,🚀 启动期,True,37.41157977469216,2025-05-13
sz.002082,2025-10-20,15.35,🚀 启动期,True,5.342019543973954,2025-11-03
sh.688171,2025-04-15,17.53745296,🚀 启动期,True,85.07972665148064,2025-05-13
sh.688171,2025-10-10,56.13,🚀 启动期,False,1.9419205415998508,2025-10-30
sh.688603,2025-09-15,84.97,🚀 启动期,False,1.435800870895609,2025-09-16
sz.002653,2025-06-25,43.15,🚀 启动期,True,19.351100811123988,2025-07-22
sz.300003,2025-08-20,17.87009193,🚀 启动期,True,18.52468108707708,2025-08-25
sz.300765,2025-04-10,41.39298049,🚀 启动期,True,17.00072446269017,2025-04-23
sz.300765,2025-04-15,43.13226535,🚀 启动期,True,12.282734646581693,2025-04-23
sz.002860,2025-07-01,13.32,🚀 启动期,False,4.954954954954956,2025-07-21
sh.688011,2025-09-15,42.25,🚀 启动期,True,13.325443786982255,2025-09-22
sh.688011,2025-10-15,40.01,🚀 启动期,True,9.947513121719581,2025-11-11
sz.300995,2025-05-20,37.8151554,🚀 启动期,True,18.788087804605443,2025-06-10
sh.600067,2025-12-25,4.33,🚀 启动期,True,9.69976905311778,2026-01-26
sh.605123,2025-08-20,73.8748848,🚀 启动期,False,4.381720430107522,2025-09-01
sz.301137,2025-12-25,48.55,🚀 启动期,True,47.888774459320295,2026-01-12
sh.688212,2025-07-01,48.75,🚀 启动期,True,7.466666666666668,2025-07-25
sz.300572,2025-07-10,22.23,🚀 启动期,True,51.37201979307241,2025-08-07
sh.603590,2025-06-10,33.95,🚀 启动期,True,9.248895434462446,2025-07-07
sh.603590,2025-07-01,32.7,🚀 启动期,True,95.10703363914371,2025-07-22
sz.301320,2025-04-25,16.24552491,🚀 启动期,True,39.620330679730564,2025-05-28
sz.300980,2025-10-10,27.27,🚀 启动期,True,22.18555188852219,2025-11-07
sz.301308,2025-11-10,284.07,🚀 启动期,True,16.696588868940758,2025-11-13
sz.301308,2025-12-10,258.99,🚀 启动期,True,25.935364299779916,2026-01-07
sh.688170,2025-09-01,39.62,🚀 启动期,True,21.832407874810716,2025-09-09
sh.603341,2025-04-15,38.29513366,🚀 启动期,True,10.495100567302737,2025-05-13
sz.301095,2025-09-25,93.38,🚀 启动期,False,2.1203683872349584,2025-09-26
sz.002532,2025-11-10,13.9,🚀 启动期,True,5.683453237410065,2025-11-13
sz.002532,2025-12-05,14.07,🚀 启动期,True,31.13006396588485,2026-01-06
sh.600662,2025-04-15,5.12054736,🚀 启动期,True,11.610486891385767,2025-04-22
sh.600110,2025-08-15,7.0,🚀 启动期,True,24.285714285714274,2025-08-20
sh.600110,2025-09-10,7.85,🚀 启动期,False,2.802547770700645,2025-09-11
sz.301040,2025-06-25,26.85,🚀 启动期,True,5.7728119180633035,2025-06-30
sz.002283,2025-05-20,6.36434157,🚀 启动期,False,-0.15600624024959828,2025-05-21
sh.688416,2025-04-15,38.2,🚀 启动期,True,6.230366492146584,2025-05-07
sh.603800,2025-09-05,49.5,🚀 启动期,True,27.636363636363637,2025-09-16
sh.603800,2025-09-10,50.65,🚀 启动期,True,24.73840078973347,2025-09-16
sz.002056,2025-10-10,20.38,🚀 启动期,True,12.85574092247302,2025-10-14
sz.002056,2025-10-15,21.59,🚀 启动期,True,5.604446503010657,2025-11-10
sh.603196,2025-04-25,14.54,🚀 启动期,True,11.072902338376888,2025-05-23
sh.603196,2025-12-10,26.65,🚀 启动期,False,0.4127579737335947,2025-12-11
sz.300835,2025-08-20,64.02,🚀 启动期,True,9.21587004061232,2025-08-27
sh.603169,2025-12-25,10.55,🚀 启动期,True,34.407582938388614,2026-01-12
sz.300941,2025-04-15,20.0414721,🚀 启动期,True,32.605459057071954,2025-04-23
sz.300772,2025-10-10,20.02,🚀 启动期,True,8.641358641358645,2025-10-14
sz.301108,2025-07-25,26.72241173,🚀 启动期,True,22.603506154419975,2025-08-22
sz.301120,2025-12-25,19.14,🚀 启动期,True,21.212121212121204,2026-01-16
sz.300203,2025-06-10,23.46,🚀 启动期,False,0.8951406649616405,2025-06-12
sz.002335,2025-09-10,57.05,🚀 启动期,True,38.73794916739703,2025-09-26
sz.002080,2025-08-20,32.28,🚀 启动期,True,25.402726146220555,2025-08-29
sz.301525,2025-04-15,67.064022,🚀 启动期,True,38.49347568208779,2025-05-08
sz.301525,2025-04-25,75.98401425,🚀 启动期,True,22.235309514461456,2025-05-08
sz.002902,2025-09-15,23.88,🚀 启动期,True,10.971524288107206,2025-09-24
sz.300613,2025-04-15,51.2657946,🚀 启动期,False,2.7237354085603096,2025-04-17
sz.002916,2025-08-25,161.1,🚀 启动期,True,33.45747982619491,2025-09-22
sz.301280,2025-04-25,41.34501112,🚀 启动期,True,9.90443289062053,2025-05-13
sh.605055,2025-12-15,9.67,🚀 启动期,True,9.4105480868666,2025-12-17
sh.688403,2025-12-10,15.33,🚀 启动期,True,25.76647097195043,2026-01-09
sh.600105,2025-06-10,8.35458246,🚀 启动期,True,9.67741935483871,2025-07-07
sz.300363,2025-09-05,25.9,🚀 启动期,True,13.899613899613906,2025-09-15
sz.300363,2025-10-20,24.6,🚀 启动期,True,12.479674796747968,2025-10-29
sh.603391,2025-11-25,61.0,🚀 启动期,True,25.622950819672123,2025-12-12
sz.301092,2025-06-05,29.99608026,🚀 启动期,True,14.191200793913334,2025-06-18
sz.301092,2025-07-01,33.15,🚀 启动期,False,1.2669683257918605,2025-07-28
sz.002735,2025-07-10,16.38,🚀 启动期,True,6.898656898656914,2025-07-14
sz.002721,2025-08-25,4.06,🚀 启动期,False,1.4778325123152833,2025-08-26
sz.000678,2025-04-25,11.86,🚀 启动期,True,65.51433389544687,2025-05-15
sh.688611,2025-09-25,42.1,🚀 启动期,True,10.451306413301658,2025-10-29
sz.300603,2025-04-15,10.75,🚀 启动期,True,22.04651162790697,2025-05-14
sh.688017,2025-04-15,134.96882916,🚀 启动期,True,12.229789754219704,2025-05-07
sh.603226,2025-09-15,29.15,🚀 启动期,True,70.4974271012007,2025-10-14
sh.688215,2025-04-15,19.96217496,🚀 启动期,True,33.88912046686121,2025-05-08
sh.688201,2025-04-15,8.58,🚀 启动期,True,11.888111888111883,2025-05-07
sh.603568,2025-12-25,25.32,🚀 启动期,True,14.296998420221174,2026-01-26
sh.605118,2025-06-05,22.97837268,🚀 启动期,True,14.427217915590019,2025-07-02
sh.688228,2025-12-10,186.9,🚀 启动期,True,36.72552166934189,2026-01-07
sz.300548,2025-09-01,144.25,🚀 启动期,False,3.2928942807625647,2025-09-02
sh.601168,2025-12-05,26.23,🚀 启动期,True,11.971025543271066,2026-01-06
sz.002640,2025-08-25,6.19,🚀 启动期,False,3.0694668820678435,2025-08-27
sh.600316,2025-10-10,37.18,🚀 启动期,False,3.792361484669187,2025-10-13
sz.002913,2025-04-15,22.20048163,🚀 启动期,True,15.394794883105433,2025-05-13
sz.300602,2025-10-15,36.0,🚀 启动期,False,-2.2222222222222143,2025-10-16
sh.601020,2025-10-15,30.45,🚀 启动期,True,11.0344827586207,2025-11-12
sz.300819,2025-05-20,27.20994414,🚀 启动期,False,-0.9761388286334034,2025-05-21
sh.688348,2025-11-10,57.9,🚀 启动期,True,24.83592400690847,2025-11-14
sz.300399,2025-04-15,18.911342,🚀 启动期,True,44.80211081794194,2025-05-15
sh.600699,2025-04-25,15.68652814,🚀 启动期,True,28.724072910119418,2025-05-21
sz.301091,2025-04-15,26.5030035,🚀 启动期,True,11.594202898550735,2025-05-07
sz.002520,2025-05-20,7.23,🚀 启动期,False,-0.13831258644537586,2025-05-21
sz.002520,2025-09-10,7.08,🚀 启动期,True,7.768361581920901,2025-09-17
sz.002534,2025-11-05,17.1,🚀 启动期,True,9.999999999999984,2025-11-06
sz.301052,2025-09-05,84.34,🚀 启动期,True,15.60350960398387,2025-09-24
sh.688410,2025-07-10,14.49,🚀 启动期,True,19.944789510006895,2025-07-25
sh.688376,2025-09-15,55.71,🚀 启动期,True,6.964638305510684,2025-09-19
sz.301046,2025-11-20,29.85,🚀 启动期,True,13.467336683417072,2025-12-11
sz.300402,2025-12-25,21.91,🚀 启动期,True,15.74623459607485,2026-01-26
sh.605287,2025-11-05,32.25,🚀 启动期,False,3.038759689922471,2025-11-06
sz.001203,2025-12-25,30.68,🚀 启动期,True,14.015645371577564,2026-01-26
sz.002093,2025-05-15,11.7849746,🚀 启动期,True,5.462184873949579,2025-06-12
sz.300614,2025-04-15,10.9,🚀 启动期,True,9.541284403669717,2025-05-16
sz.300166,2025-04-15,9.95,🚀 启动期,True,5.527638190954781,2025-05-07
sz.300947,2025-04-15,17.68,🚀 启动期,True,29.638009049773768,2025-04-25
sz.300953,2025-09-01,139.81,🚀 启动期,True,32.3224375938774,2025-09-18
sz.300953,2025-09-25,174.71,🚀 启动期,True,9.82771449831148,2025-09-30
sz.300748,2025-04-10,21.06562469,🚀 启动期,True,5.119774542038522,2025-04-23
sz.300748,2025-10-15,42.9048312,🚀 启动期,False,2.3654916512059434,2025-10-30
sz.002681,2025-04-15,6.9,🚀 启动期,True,14.057971014492749,2025-05-08
sh.605318,2025-09-25,38.4,🚀 启动期,True,94.60937500000001,2025-10-27
sh.605318,2025-10-10,45.98,🚀 启动期,True,62.52718573292738,2025-10-27
sh.605318,2025-10-15,52.86,🚀 启动期,True,41.37343927355279,2025-10-27
sz.000525,2025-04-25,6.94,🚀 启动期,True,7.060518731988462,2025-05-28
sz.002326,2025-12-25,24.6,🚀 启动期,True,23.861788617886166,2026-01-26
sz.003038,2025-04-15,18.97,🚀 启动期,True,15.234580917237746,2025-05-08
sz.003010,2025-04-25,25.39535593,🚀 启动期,True,36.24524143458224,2025-05-27
sz.003010,2025-05-20,32.82417173,🚀 启动期,True,40.00553560959571,2025-06-17
sh.688202,2025-09-01,66.92,🚀 启动期,True,26.569037656903767,2025-09-15
sh.688202,2025-09-05,67.4,🚀 启动期,True,25.667655786350142,2025-09-15
sz.002497,2025-12-25,24.65,🚀 启动期,True,7.707910750507109,2025-12-29
sh.600711,2025-12-10,13.73,🚀 启动期,True,27.312454479242533,2026-01-07
sz.300563,2025-04-15,34.8338116,🚀 启动期,True,14.607703281027106,2025-05-08
sz.300588,2025-04-15,11.36,🚀 启动期,True,16.285211267605646,2025-05-14
sz.300588,2025-10-15,21.25,🚀 启动期,True,47.71764705882353,2025-10-22
sz.301319,2025-11-20,41.96,🚀 启动期,True,31.696854146806473,2025-12-15
sz.301319,2025-11-25,42.96,🚀 启动期,True,28.63128491620111,2025-12-15
sz.301319,2025-12-10,47.08,🚀 启动期,True,19.881053525913337,2026-01-09
sh.688767,2025-04-15,26.53579014,🚀 启动期,True,17.46115354227021,2025-05-12
sh.603967,2025-06-10,12.1,🚀 启动期,False,-0.5785123966942173,2025-06-11
sz.002657,2025-08-25,46.23,🚀 启动期,False,2.444300237940737,2025-09-01
sh.688607,2025-04-15,17.26623872,🚀 启动期,False,1.3856812933025389,2025-05-07
sz.002938,2025-09-01,58.49,🚀 启动期,True,13.934005812959477,2025-09-23
sz.002938,2025-09-15,54.3,🚀 启动期,True,22.725598526703507,2025-09-23
sz.301292,2025-12-25,60.0,🚀 启动期,True,21.64999999999999,2025-12-29
sz.300403,2025-04-25,15.7294795,🚀 启动期,True,16.17595826994784,2025-05-06
sh.688411,2025-08-15,99.98,🚀 启动期,True,97.91958391678335,2025-09-08
sh.688411,2025-08-20,105.5,🚀 启动期,True,107.58293838862558,2025-09-15
